user_id,content
1,ユーザー登録してみました。よろしくお願いいたします！
1,明日から旅行！楽しみです！
2,ユーザー登録してみました。よろしくお願いいたします！
2,明日から旅行！楽しみです！
3,ユーザー登録してみました。よろしくお願いいたします！
3,明日から旅行！楽しみです！
4,ユーザー登録してみました。よろしくお願いいたします！
4,明日から旅行！楽しみです！
5,ユーザー登録してみました。よろしくお願いいたします！
5,明日から旅行！楽しみです！
6,ユーザー登録してみました。よろしくお願いいたします！
6,明日から旅行！楽しみです！
7,ユーザー登録してみました。よろしくお願いいたします！
7,明日から旅行！楽しみです！
8,ユーザー登録してみました。よろしくお願いいたします！
8,明日から旅行！楽しみです！
9,ユーザー登録してみました。よろしくお願いいたします！
9,明日から旅行！楽しみです！
10,ユーザー登録してみました。よろしくお願いいたします！
10,明日から旅行！楽しみです！
11,ユーザー登録してみました。よろしくお願いいたします！
11,明日から旅行！楽しみです！
12,ユーザー登録してみました。よろしくお願いいたします！
12,明日から旅行！楽しみです！
13,ユーザー登録してみました。よろしくお願いいたします！
13,明日から旅行！楽しみです！
14,ユーザー登録してみました。よろしくお願いいたします！
14,明日から旅行！楽しみです！
15,ユーザー登録してみました。よろしくお願いいたします！
15,明日から旅行！楽しみです！
16,ユーザー登録してみました。よろしくお願いいたします！
16,明日から旅行！楽しみです！
17,ユーザー登録してみました。よろしくお願いいたします！
17,明日から旅行！楽しみです！
18,ユーザー登録してみました。よろしくお願いいたします！
18,明日から旅行！楽しみです！
19,ユーザー登録してみました。よろしくお願いいたします！
19,明日から旅行！楽しみです！
20,ユーザー登録してみました。よろしくお願いいたします！
20,明日から旅行！楽しみです！